{
  "project_info": {
    "project_number": "919050267767",
    "project_id": "letgo-clone-kotlin",
    "storage_bucket": "letgo-clone-kotlin.appspot.com"
  },
  "client": [
    {
      "client_info": {
        "mobilesdk_app_id": "1:919050267767:android:81a7542c9db08933dbaa72",
        "android_client_info": {
          "package_name": "com.example.productapp"
        }
      },
      "oauth_client": [
        {
          "client_id": "919050267767-q1oumuvlt79rftjqk3vlnqe2kddjclvi.apps.googleusercontent.com",
          "client_type": 3
        }
      ],
      "api_key": [
        {
          "current_key": "AIzaSyDiHhL8GEXCjDZAw3mlvP-glrIqG481fhk"
        }
      ],
      "services": {
        "appinvite_service": {
          "other_platform_oauth_client": [
            {
              "client_id": "919050267767-q1oumuvlt79rftjqk3vlnqe2kddjclvi.apps.googleusercontent.com",
              "client_type": 3
            }
          ]
        }
      }
    }
  ],
  "configuration_version": "1"
}